,접수번호,보고서코드,사업연도,회사코드,재무제표구분,재무제표명,계정ID,계정명,계정상세,당기명,당기금액,전기명,전기금액,전전기명,전전기금액,계정과목 정렬순서,당기누적금액
0,20210318001373,11011,2020,00258801,BS,재무상태표,ifrs-full_CurrentAssets,유동자산,-,제 26 기,4462924201049,제 25 기,2829694454045,제 24 기,2858950414592,1,
1,20210318001373,11011,2020,00258801,BS,재무상태표,ifrs-full_CashAndCashEquivalents,현금및현금성자산,-,제 26 기,2877513939692,제 25 기,1918225198949,제 24 기,1247013249518,2,
2,20210318001373,11011,2020,00258801,BS,재무상태표,dart_ShortTermDepositsNotClassifiedAsCashEquivalents,단기금융상품,-,제 26 기,694068762001,제 25 기,207766855476,제 24 기,924215115420,3,
3,20210318001373,11011,2020,00258801,BS,재무상태표,ifrs-full_CurrentFinancialAssetsAtFairValueThroughProfitOrLossDesignatedUponInitialRecognition,유동 당기손익-공정가치 측정 지정 금융자산,-,제 26 기,134502747309,제 25 기,49512474331,제 24 기,25780947342,4,
4,20210318001373,11011,2020,00258801,BS,재무상태표,dart_CurrentDerivativeAsset,파생상품자산,-,제 26 기,311605977,제 25 기,1111591977,제 24 기,1174289977,5,
5,20210318001373,11011,2020,00258801,BS,재무상태표,dart_ShortTermTradeReceivable,매출채권,-,제 26 기,247374452328,제 25 기,157220905352,제 24 기,193669497516,6,
6,20210318001373,11011,2020,00258801,BS,재무상태표,ifrs-full_OtherCurrentFinancialAssets,기타유동금융자산,-,제 26 기,225055175264,제 25 기,252486445359,제 24 기,207655813171,7,
7,20210318001373,11011,2020,00258801,BS,재무상태표,ifrs-full_Inventories,재고자산,-,제 26 기,45813596549,제 25 기,49449770906,제 24 기,35836145752,8,
8,20210318001373,11011,2020,00258801,BS,재무상태표,ifrs-full_NoncurrentAssetsOrDisposalGroupsClassifiedAsHeldForSaleOrAsHeldForDistributionToOwners,매각예정자산,-,제 26 기,5748919485,제 25 기,,제 24 기,,9,
9,20210318001373,11011,2020,00258801,BS,재무상태표,dart_OtherCurrentAssets,기타유동자산,-,제 26 기,232535002444,제 25 기,193921211695,제 24 기,223605355896,10,
10,20210318001373,11011,2020,00258801,BS,재무상태표,ifrs-full_NoncurrentAssets,비유동자산,-,제 26 기,6987396305870,제 25 기,5907561301729,제 24 기,5100591690675,11,
11,20210318001373,11011,2020,00258801,BS,재무상태표,dart_LongTermDepositsNotClassifiedAsCashEquivalents,장기금융상품,-,제 26 기,10173823192,제 25 기,50061893487,제 24 기,50688543876,12,
12,20210318001373,11011,2020,00258801,BS,재무상태표,ifrs-full_NoncurrentFinancialAssetsAtFairValueThroughProfitOrLossDesignatedUponInitialRecognition,당기손익-공정가치 측정 금융자산,-,제 26 기,303221657755,제 25 기,127148333704,제 24 기,104846044343,13,
13,20210318001373,11011,2020,00258801,BS,재무상태표,ifrs-full_NoncurrentFinancialAssetsMeasuredAtFairValueThroughOtherComprehensiveIncome,기타포괄손익-공정가치 측정 금융자산,-,제 26 기,702575375014,제 25 기,419265484312,제 24 기,329344718026,14,
14,20210318001373,11011,2020,00258801,BS,재무상태표,ifrs-full_InvestmentsInAssociates,관계기업 및 공동기업 투자,-,제 26 기,1504418504255,제 25 기,978943948141,제 24 기,305187605646,15,
15,20210318001373,11011,2020,00258801,BS,재무상태표,ifrs-full_OtherNoncurrentFinancialAssets,기타비유동금융자산,-,제 26 기,121290880174,제 25 기,92354874203,제 24 기,58320579268,16,
16,20210318001373,11011,2020,00258801,BS,재무상태표,ifrs-full_PropertyPlantAndEquipment,유형자산,-,제 26 기,430667589746,제 25 기,349818319321,제 24 기,314811843577,17,
17,20210318001373,11011,2020,00258801,BS,재무상태표,dart_OtherIntangibleAssetsGross,무형자산,-,제 26 기,3351553299735,제 25 기,3548415767971,제 24 기,3865264987475,18,
18,20210318001373,11011,2020,00258801,BS,재무상태표,ifrs-full_InvestmentProperty,투자부동산,-,제 26 기,0,제 25 기,2843015277,제 24 기,0,19,
19,20210318001373,11011,2020,00258801,BS,재무상태표,ifrs-full_RightofuseAssets,사용권자산,-,제 26 기,345324766938,제 25 기,227458396560,제 24 기,0,20,
20,20210318001373,11011,2020,00258801,BS,재무상태표,dart_OtherNonCurrentAssets,기타비유동자산,-,제 26 기,166486922465,제 25 기,50547988423,제 24 기,16411840218,21,
21,20210318001373,11011,2020,00258801,BS,재무상태표,ifrs-full_DeferredTaxAssets,이연법인세자산,-,제 26 기,51683486596,제 25 기,60703280330,제 24 기,55715528246,22,
22,20210318001373,11011,2020,00258801,BS,재무상태표,-표준계정코드 미사용-,금융업자산,-,제 26 기,503649732037,제 25 기,,제 24 기,,23,
23,20210318001373,11011,2020,00258801,BS,재무상태표,-표준계정코드 미사용-,현금및현금성자산,-,제 26 기,16802652216,제 25 기,,제 24 기,,24,
24,20210318001373,11011,2020,00258801,BS,재무상태표,-표준계정코드 미사용-,예치금,-,제 26 기,19829317800,제 25 기,,제 24 기,,25,
25,20210318001373,11011,2020,00258801,BS,재무상태표,-표준계정코드 미사용-,당기손익-공정가치측정 금융자산,-,제 26 기,386624514904,제 25 기,,제 24 기,,26,
26,20210318001373,11011,2020,00258801,BS,재무상태표,-표준계정코드 미사용-,유형자산,-,제 26 기,5849723753,제 25 기,,제 24 기,,27,
27,20210318001373,11011,2020,00258801,BS,재무상태표,-표준계정코드 미사용-,무형자산,-,제 26 기,36033856493,제 25 기,,제 24 기,,28,
28,20210318001373,11011,2020,00258801,BS,재무상태표,-표준계정코드 미사용-,사용권자산,-,제 26 기,3533058747,제 25 기,,제 24 기,,29,
29,20210318001373,11011,2020,00258801,BS,재무상태표,-표준계정코드 미사용-,기타의금융자산,-,제 26 기,29164128150,제 25 기,,제 24 기,,30,
30,20210318001373,11011,2020,00258801,BS,재무상태표,-표준계정코드 미사용-,기타자산,-,제 26 기,5812479974,제 25 기,,제 24 기,,31,
31,20210318001373,11011,2020,00258801,BS,재무상태표,ifrs-full_Assets,자산총계,-,제 26 기,11953970238956,제 25 기,8737255755774,제 24 기,7959542105267,32,
32,20210318001373,11011,2020,00258801,BS,재무상태표,ifrs-full_CurrentLiabilities,유동부채,-,제 26 기,2929590461315,제 25 기,2433322136077,제 24 기,2039196496491,34,
33,20210318001373,11011,2020,00258801,BS,재무상태표,ifrs-full_TradeAndOtherCurrentPayables,매입채무 및 기타채무,-,제 26 기,835982771398,제 25 기,578566877985,제 24 기,460813117949,35,
34,20210318001373,11011,2020,00258801,BS,재무상태표,ifrs-full_ShorttermBorrowings,단기차입금,-,제 26 기,188419590659,제 25 기,448595786905,제 24 기,609480384256,36,
35,20210318001373,11011,2020,00258801,BS,재무상태표,-표준계정코드 미사용-,예수부채,-,제 26 기,302037612941,제 25 기,299564327420,제 24 기,129889067812,37,
36,20210318001373,11011,2020,00258801,BS,재무상태표,ifrs-full_OtherCurrentFinancialLiabilities,기타유동금융부채,-,제 26 기,33858774387,제 25 기,25256211710,제 24 기,20525870392,38,
37,20210318001373,11011,2020,00258801,BS,재무상태표,dart_PaymentsOfIncomeTaxesPayable,미지급법인세,-,제 26 기,112124065938,제 25 기,68348251602,제 24 기,71039706733,39,
38,20210318001373,11011,2020,00258801,BS,재무상태표,ifrs-full_CurrentProvisions,충당부채,-,제 26 기,5857641570,제 25 기,7080584863,제 24 기,3635911012,40,
39,20210318001373,11011,2020,00258801,BS,재무상태표,dart_CurrentDerivativeLiabilities,파생상품부채,-,제 26 기,16918862996,제 25 기,18290148017,제 24 기,13916388446,41,
40,20210318001373,11011,2020,00258801,BS,재무상태표,ifrs-full_CurrentLeaseLiabilities,단기리스부채,-,제 26 기,78895558805,제 25 기,68076543620,제 24 기,0,42,
41,20210318001373,11011,2020,00258801,BS,재무상태표,dart_OtherCurrentLiabilities,기타유동부채,-,제 26 기,1355495582621,제 25 기,919543403955,제 24 기,729896049891,43,
42,20210318001373,11011,2020,00258801,BS,재무상태표,ifrs-full_NoncurrentLiabilities,비유동부채,-,제 26 기,1166097939840,제 25 기,563815868409,제 24 기,293188044408,44,
43,20210318001373,11011,2020,00258801,BS,재무상태표,dart_LongTermTradeAndOtherNonCurrentPayables,비유동매입채무 및 기타채무,-,제 26 기,40882034260,제 25 기,32872443464,제 24 기,388721579,45,
44,20210318001373,11011,2020,00258801,BS,재무상태표,dart_LongTermBorrowingsGross,장기차입금,-,제 26 기,409800632340,제 25 기,72269299023,제 24 기,44995052684,46,
45,20210318001373,11011,2020,00258801,BS,재무상태표,ifrs-full_NoncurrentProvisions,비유동충당부채,-,제 26 기,19593569206,제 25 기,14843784861,제 24 기,7610519163,47,
46,20210318001373,11011,2020,00258801,BS,재무상태표,ifrs-full_NoncurrentLeaseLiabilities,장기리스부채,-,제 26 기,273311358645,제 25 기,164988889409,제 24 기,0,48,
47,20210318001373,11011,2020,00258801,BS,재무상태표,dart_PostemploymentBenefitObligations,순확정급여부채,-,제 26 기,10312727876,제 25 기,3554861405,제 24 기,2821876474,49,
48,20210318001373,11011,2020,00258801,BS,재무상태표,ifrs-full_NoncurrentProvisionsForEmployeeBenefits,기타장기종업원급여부채,-,제 26 기,53831741284,제 25 기,43591934768,제 24 기,40156264695,50,
49,20210318001373,11011,2020,00258801,BS,재무상태표,dart_NonCurrentDerivativeLiabilities,비유동파생상품부채,-,제 26 기,20887374536,제 25 기,7371532411,제 24 기,0,51,
50,20210318001373,11011,2020,00258801,BS,재무상태표,ifrs-full_DeferredTaxLiabilities,이연법인세부채,-,제 26 기,248959627837,제 25 기,141056455523,제 24 기,151228131750,52,
51,20210318001373,11011,2020,00258801,BS,재무상태표,ifrs-full_OtherNoncurrentFinancialLiabilities,기타비유동금융부채,-,제 26 기,58188394383,제 25 기,62843093016,제 24 기,45869281029,53,
52,20210318001373,11011,2020,00258801,BS,재무상태표,dart_OtherNonCurrentLiabilities,기타비유동부채,-,제 26 기,30330479473,제 25 기,20423574529,제 24 기,118197034,54,
53,20210318001373,11011,2020,00258801,BS,재무상태표,-표준계정코드 미사용-,금융업부채,-,제 26 기,430552810286,제 25 기,,제 24 기,,55,
54,20210318001373,11011,2020,00258801,BS,재무상태표,-표준계정코드 미사용-,예수부채,-,제 26 기,377849115961,제 25 기,,제 24 기,,56,
55,20210318001373,11011,2020,00258801,BS,재무상태표,-표준계정코드 미사용-,순확정급여부채,-,제 26 기,192416852,제 25 기,,제 24 기,,57,
56,20210318001373,11011,2020,00258801,BS,재무상태표,-표준계정코드 미사용-,기타장기종업원급여부채,-,제 26 기,264307051,제 25 기,,제 24 기,,58,
57,20210318001373,11011,2020,00258801,BS,재무상태표,-표준계정코드 미사용-,충당부채,-,제 26 기,228722201,제 25 기,,제 24 기,,59,
58,20210318001373,11011,2020,00258801,BS,재무상태표,-표준계정코드 미사용-,리스부채,-,제 26 기,3304366508,제 25 기,,제 24 기,,60,
59,20210318001373,11011,2020,00258801,BS,재무상태표,-표준계정코드 미사용-,기타금융부채,-,제 26 기,41400433588,제 25 기,,제 24 기,,61,
60,20210318001373,11011,2020,00258801,BS,재무상태표,-표준계정코드 미사용-,기타부채,-,제 26 기,7313448125,제 25 기,,제 24 기,,62,
61,20210318001373,11011,2020,00258801,BS,재무상태표,ifrs-full_Liabilities,부채총계,-,제 26 기,4526241211441,제 25 기,2997138004486,제 24 기,2332384540899,63,
62,20210318001373,11011,2020,00258801,BS,재무상태표,ifrs-full_EquityAttributableToOwnersOfParent,지배기업 소유주지분,-,제 26 기,6298920282572,제 25 기,5225359119201,제 24 기,5136850609262,65,
63,20210318001373,11011,2020,00258801,BS,재무상태표,ifrs-full_IssuedCapital,자본금,-,제 26 기,44300999000,제 25 기,43161318000,제 24 기,41743886500,66,
64,20210318001373,11011,2020,00258801,BS,재무상태표,dart_CapitalSurplus,자본잉여금,-,제 26 기,5833100132472,제 25 기,5043198614715,제 24 기,4647543419240,67,
65,20210318001373,11011,2020,00258801,BS,재무상태표,dart_ElementsOfOtherStockholdersEquity,자본조정,-,제 26 기,18616904708,제 25 기,7238239019,제 24 기,1492215635,68,
66,20210318001373,11011,2020,00258801,BS,재무상태표,dart_OtherComprehensiveIncomeLossAccumulatedAmount,기타포괄손익누계액,-,제 26 기,86577386868,제 25 기,-16393294393,제 24 기,-7329379679,69,
67,20210318001373,11011,2020,00258801,BS,재무상태표,ifrs-full_RetainedEarnings,이익잉여금(결손금),-,제 26 기,316324859524,제 25 기,148154241860,제 24 기,453400467566,70,
68,20210318001373,11011,2020,00258801,BS,재무상태표,ifrs-full_NoncontrollingInterests,비지배지분,-,제 26 기,1128808744943,제 25 기,514758632087,제 24 기,490306955106,71,
69,20210318001373,11011,2020,00258801,BS,재무상태표,ifrs-full_Equity,자본총계,-,제 26 기,7427729027515,제 25 기,5740117751288,제 24 기,5627157564368,72,
70,20210318001373,11011,2020,00258801,BS,재무상태표,ifrs-full_EquityAndLiabilities,부채와자본총계,-,제 26 기,11953970238956,제 25 기,8737255755774,제 24 기,7959542105267,73,
71,20210318001373,11011,2020,00258801,CIS,포괄손익계산서,ifrs-full_GrossProfit,영업수익,-,제 26 기,4156816120723,제 25 기,3070111364510,제 24 기,2416992440597,0,
72,20210318001373,11011,2020,00258801,CIS,포괄손익계산서,dart_TotalSellingGeneralAdministrativeExpenses,영업비용,-,제 26 기,3700960605512,제 25 기,2863325142724,제 24 기,2344043550670,1,
73,20210318001373,11011,2020,00258801,CIS,포괄손익계산서,dart_OperatingIncomeLoss,영업이익(손실),-,제 26 기,455855515211,제 25 기,206786221786,제 24 기,72948889927,2,
74,20210318001373,11011,2020,00258801,CIS,포괄손익계산서,dart_OtherGains,기타수익,-,제 26 기,352352754380,제 25 기,73754690318,제 24 기,74530698766,3,
75,20210318001373,11011,2020,00258801,CIS,포괄손익계산서,dart_OtherLosses,기타비용,-,제 26 기,546064398874,제 25 기,521412397600,제 24 기,85771779329,4,
76,20210318001373,11011,2020,00258801,CIS,포괄손익계산서,ifrs-full_FinanceIncome,금융수익,-,제 26 기,216105567316,제 25 기,70385959514,제 24 기,112452969082,5,
77,20210318001373,11011,2020,00258801,CIS,포괄손익계산서,dart_InterestIncomeFinanceIncome,이자수익,-,제 26 기,23454414222,제 25 기,31700026980,제 24 기,41783010505,6,
78,20210318001373,11011,2020,00258801,CIS,포괄손익계산서,dart_OtherFinancialIncome,기타금융수익,-,제 26 기,192651153094,제 25 기,38685932534,제 24 기,70669958577,7,
79,20210318001373,11011,2020,00258801,CIS,포괄손익계산서,ifrs-full_FinanceCosts,금융비용,-,제 26 기,72670378433,제 25 기,44000156706,제 24 기,50142764508,8,
80,20210318001373,11011,2020,00258801,CIS,포괄손익계산서,ifrs-full_GainsArisingFromDerecognitionOfFinancialAssetsMeasuredAtAmortisedCost,지분법이익,-,제 26 기,68920902095,제 25 기,11489724840,제 24 기,32257116638,9,
81,20210318001373,11011,2020,00258801,CIS,포괄손익계산서,ifrs-full_LossesArisingFromDerecognitionOfFinancialAssetsMeasuredAtAmortisedCost,지분법손실,-,제 26 기,60228536634,제 25 기,31260947854,제 24 기,25605267837,10,
82,20210318001373,11011,2020,00258801,CIS,포괄손익계산서,ifrs-full_ProfitLossBeforeTax,법인세비용차감전순이익(손실),-,제 26 기,414271425061,제 25 기,-234256905702,제 24 기,130669862739,11,
83,20210318001373,11011,2020,00258801,CIS,포괄손익계산서,ifrs-full_IncomeTaxExpenseContinuingOperations,법인세비용,-,제 26 기,240911753146,제 25 기,107667672646,제 24 기,114781003530,12,
84,20210318001373,11011,2020,00258801,CIS,포괄손익계산서,ifrs-full_ProfitLoss,당기순이익(손실),-,제 26 기,173359671915,제 25 기,-341924578348,제 24 기,15888859209,13,
85,20210318001373,11011,2020,00258801,CIS,포괄손익계산서,ifrs-full_ProfitLossAttributableToOwnersOfParent,지배기업 소유주지분,-,제 26 기,155623762514,제 25 기,-301002847366,제 24 기,47885550586,15,
86,20210318001373,11011,2020,00258801,CIS,포괄손익계산서,ifrs-full_ProfitLossAttributableToNoncontrollingInterests,비지배지분,-,제 26 기,17735909401,제 25 기,-40921730982,제 24 기,-31996691377,16,
87,20210318001373,11011,2020,00258801,CIS,포괄손익계산서,ifrs-full_OtherComprehensiveIncome,기타포괄손익,-,제 26 기,160222100072,제 25 기,-4157811365,제 24 기,8333959354,17,
88,20210318001373,11011,2020,00258801,CIS,포괄손익계산서,dart_OtherComprehensiveIncomeThatWillNotBeReclassifiedToProfitOrLossNetOfTax,후속적으로 당기손익으로 재분류될 수 없는 항목,-,제 26 기,157133130792,제 25 기,-6761601287,제 24 기,4190544709,18,
89,20210318001373,11011,2020,00258801,CIS,포괄손익계산서,dart_OtherComprehensiveIncomeNetOfTaxGainsLossesOnRemeasurementsOfDefinedBenefitPlans,순확정급여부채의 재측정요소,-,제 26 기,-1361972803,제 25 기,-6451556926,제 24 기,-2679645395,19,
90,20210318001373,11011,2020,00258801,CIS,포괄손익계산서,ifrs-full_OtherComprehensiveIncomeNetOfTaxGainsLossesFromInvestmentsInEquityInstruments,기타포괄손익-공정가치 측정 지분상품 평가손익,-,제 26 기,157537445108,제 25 기,-532111477,제 24 기,6870190104,20,
91,20210318001373,11011,2020,00258801,CIS,포괄손익계산서,ifrs-full_OtherComprehensiveIncomeNetOfTaxGainsLossesOnRevaluation,재평가잉여금,-,제 26 기,957658487,제 25 기,222067116,제 24 기,0,21,
92,20210318001373,11011,2020,00258801,CIS,포괄손익계산서,dart_OtherComprehensiveIncomeThatWillBeReclassifiedToProfitOrLossNetOfTax,후속적으로 당기손익으로 재분류될 수 있는 항목,-,제 26 기,3088969280,제 25 기,2603789922,제 24 기,4143414645,22,
93,20210318001373,11011,2020,00258801,CIS,포괄손익계산서,ifrs-full_GainsLossesOnFinancialAssetsMeasuredAtFairValueThroughOtherComprehensiveIncomeNetOfTax,기타포괄손익-공정가치 측정 채무상품 평가이익,-,제 26 기,,제 25 기,,제 24 기,141834339,23,
94,20210318001373,11011,2020,00258801,CIS,포괄손익계산서,dart_ShareOfOtherComprehensiveIncomeOfAssociatesAndJointVenturesAccountedForUsingEquityMethodThatWillBeReclassifiedToProfitOrLossNetOfTax,부의지분법자본변동,-,제 26 기,681929676,제 25 기,-3547027003,제 24 기,-36233646,24,
95,20210318001373,11011,2020,00258801,CIS,포괄손익계산서,ifrs-full_GainsLossesOnExchangeDifferencesOnTranslationNetOfTax,해외사업환산이익,-,제 26 기,2407039604,제 25 기,6150816925,제 24 기,4037813952,25,
96,20210318001373,11011,2020,00258801,CIS,포괄손익계산서,ifrs-full_ComprehensiveIncome,총포괄손익,-,제 26 기,333581771987,제 25 기,-346082389713,제 24 기,24222818563,26,
97,20210318001373,11011,2020,00258801,CIS,포괄손익계산서,ifrs-full_ComprehensiveIncomeAttributableToOwnersOfParent,지배기업 소유주지분,-,제 26 기,281553920213,제 25 기,-304257546733,제 24 기,59297037899,28,
98,20210318001373,11011,2020,00258801,CIS,포괄손익계산서,ifrs-full_ComprehensiveIncomeAttributableToNoncontrollingInterests,비지배지분,-,제 26 기,52027851774,제 25 기,-41824842980,제 24 기,-35074219336,29,
99,20210318001373,11011,2020,00258801,CIS,포괄손익계산서,ifrs-full_BasicEarningsLossPerShare,기본주당이익(손실),-,제 26 기,1838,제 25 기,-3776,제 24 기,623,31,
100,20210318001373,11011,2020,00258801,CIS,포괄손익계산서,ifrs-full_DilutedEarningsLossPerShare,희석주당이익(손실),-,제 26 기,1805,제 25 기,-3776,제 24 기,614,32,
101,20210318001373,11011,2020,00258801,CF,현금흐름표,ifrs-full_CashFlowsFromUsedInOperatingActivities,영업활동현금흐름,-,제 26 기,971096476573,제 25 기,752667420203,제 24 기,491469889907,0,
102,20210318001373,11011,2020,00258801,CF,현금흐름표,dart_AdjustmentsForAssetsLiabilitiesOfOperatingActivities,영업으로부터 창출된 현금흐름,-,제 26 기,1024982602003,제 25 기,831143180278,제 24 기,608033177146,1,
103,20210318001373,11011,2020,00258801,CF,현금흐름표,ifrs-full_InterestReceivedClassifiedAsOperatingActivities,이자의 수취,-,제 26 기,20642240811,제 25 기,38171290837,제 24 기,35897795215,2,
104,20210318001373,11011,2020,00258801,CF,현금흐름표,ifrs-full_InterestPaidClassifiedAsOperatingActivities,이자의 지급,-,제 26 기,11451279218,제 25 기,11380717370,제 24 기,11532102648,3,
105,20210318001373,11011,2020,00258801,CF,현금흐름표,ifrs-full_DividendsReceivedClassifiedAsOperatingActivities,배당금 수입,-,제 26 기,14375894156,제 25 기,5328865486,제 24 기,380603010,4,
106,20210318001373,11011,2020,00258801,CF,현금흐름표,ifrs-full_IncomeTaxesPaidRefundClassifiedAsOperatingActivities,법인세 납부,-,제 26 기,77452981179,제 25 기,110595199028,제 24 기,141309582816,5,
107,20210318001373,11011,2020,00258801,CF,현금흐름표,ifrs-full_CashFlowsFromUsedInInvestingActivities,투자활동현금흐름,-,제 26 기,-1260695789332,제 25 기,-414187466660,제 24 기,-1260721862120,6,
108,20210318001373,11011,2020,00258801,CF,현금흐름표,dart_ProceedsFromSalesOfShortTermFinancialInstruments,단기금융상품의 증감,-,제 26 기,-472169055228,제 25 기,593555277669,제 24 기,-514097763886,7,
109,20210318001373,11011,2020,00258801,CF,현금흐름표,dart_ProceedsFromSalesOfLongTermFinancialInstruments,장기금융상품의 증감,-,제 26 기,-108667637,제 25 기,536614,제 24 기,-38431874351,8,
110,20210318001373,11011,2020,00258801,CF,현금흐름표,ifrs-full_PurchaseOfPropertyPlantAndEquipmentClassifiedAsInvestingActivities,유형자산의 취득,-,제 26 기,183146811228,제 25 기,106363615480,제 24 기,97197179561,9,
111,20210318001373,11011,2020,00258801,CF,현금흐름표,ifrs-full_ProceedsFromSalesOfPropertyPlantAndEquipmentClassifiedAsInvestingActivities,유형자산의 처분,-,제 26 기,14300150692,제 25 기,7108819327,제 24 기,11925690349,10,
112,20210318001373,11011,2020,00258801,CF,현금흐름표,dart_ProceedsFromSalesOfInvestmentProperty,투자부동산의 처분,-,제 26 기,31414700000,제 25 기,,제 24 기,,11,
113,20210318001373,11011,2020,00258801,CF,현금흐름표,ifrs-full_PurchaseOfIntangibleAssetsClassifiedAsInvestingActivities,무형자산의 취득,-,제 26 기,86882029536,제 25 기,62337392187,제 24 기,49083900429,12,
114,20210318001373,11011,2020,00258801,CF,현금흐름표,ifrs-full_ProceedsFromSalesOfIntangibleAssetsClassifiedAsInvestingActivities,무형자산의 처분,-,제 26 기,6267512052,제 25 기,7010541730,제 24 기,3723696556,13,
115,20210318001373,11011,2020,00258801,CF,현금흐름표,dart_PurchaseOfFairValueFinancialAsset,당기손익-공정가치 측정 금융자산의 취득,-,제 26 기,265745638011,제 25 기,88952388867,제 24 기,60769325414,14,
116,20210318001373,11011,2020,00258801,CF,현금흐름표,dart_ProceedsFromSalesOfFairValueFinancialAsset,당기손익-공정가치 측정 금융자산의 처분,-,제 26 기,165360562557,제 25 기,168679454769,제 24 기,12015656565,15,
117,20210318001373,11011,2020,00258801,CF,현금흐름표,ifrs-full_OtherCashPaymentsToAcquireEquityOrDebtInstrumentsOfOtherEntitiesClassifiedAsInvestingActivities,기타포괄손익-공정가치 측정 금융자산의 취득,-,제 26 기,159064723413,제 25 기,331688766762,제 24 기,240039210043,16,
118,20210318001373,11011,2020,00258801,CF,현금흐름표,ifrs-full_OtherCashReceiptsFromSalesOfEquityOrDebtInstrumentsOfOtherEntitiesClassifiedAsInvestingActivities,기타포괄손익-공정가치 측정 금융자산의 처분,-,제 26 기,67567037352,제 25 기,3910410056,제 24 기,1485799923,17,
119,20210318001373,11011,2020,00258801,CF,현금흐름표,dart_PurchaseOfInvestmentsInAssociates,관계기업 및 공동기업 투자의 취득,-,제 26 기,190460335979,제 25 기,453985991368,제 24 기,155617653099,18,
120,20210318001373,11011,2020,00258801,CF,현금흐름표,dart_ProceedsFromSalesOfInvestmentsInAssociates,관계기업 및 공동기업 투자의 처분,-,제 26 기,130929508118,제 25 기,38965181440,제 24 기,13972694307,19,
121,20210318001373,11011,2020,00258801,CF,현금흐름표,ifrs-full_CashFlowsUsedInObtainingControlOfSubsidiariesOrOtherBusinessesClassifiedAsInvestingActivities,종속기업 취득 및 연결범위변동으로 인한 순현금흐름,-,제 26 기,264795315998,제 25 기,111220879256,제 24 기,114637591843,20,
122,20210318001373,11011,2020,00258801,CF,현금흐름표,ifrs-full_CashFlowsFromLosingControlOfSubsidiariesOrOtherBusinessesClassifiedAsInvestingActivities,종속기업 처분 및 연결범위변동으로 인한 순현금흐름,-,제 26 기,-13022698768,제 25 기,-27226672936,제 24 기,-5658659061,21,
123,20210318001373,11011,2020,00258801,CF,현금흐름표,dart_PurchaseOfOtherFinancialAssets,기타금융자산의 증가,-,제 26 기,7108515587,제 25 기,23716216270,제 24 기,2419318571,22,
124,20210318001373,11011,2020,00258801,CF,현금흐름표,dart_ProceedsFromSalesOfOtherFinancialAssets,기타금융자산의 감소,-,제 26 기,7501964266,제 25 기,5626187530,제 24 기,4768271048,23,
125,20210318001373,11011,2020,00258801,CF,현금흐름표,dart_PurchaseOfOtherNonCurrentFinancialAssets,기타비유동금융자산의 증가,-,제 26 기,34760427117,제 25 기,35430016125,제 24 기,14997015350,24,
126,20210318001373,11011,2020,00258801,CF,현금흐름표,dart_ProceedsFromSalesOfOtherNonCurrentFinancialAssets,기타비유동금융자산의 감소,-,제 26 기,9375921243,제 25 기,2413563456,제 24 기,7401404981,25,
127,20210318001373,11011,2020,00258801,CF,현금흐름표,ifrs-full_OtherInflowsOutflowsOfCashClassifiedAsInvestingActivities,기타투자활동으로 인한 현금흐름,-,제 26 기,-16148927110,제 25 기,-535500000,제 24 기,-23065584241,26,
128,20210318001373,11011,2020,00258801,CF,현금흐름표,ifrs-full_CashFlowsFromUsedInFinancingActivities,재무활동현금흐름,-,제 26 기,1305360309728,제 25 기,322204327915,제 24 기,890516911408,27,
129,20210318001373,11011,2020,00258801,CF,현금흐름표,dart_ProceedsFromShortTermBorrowings,단기차입금의 차입,-,제 26 기,184356334408,제 25 기,326170879625,제 24 기,33053063251,28,
130,20210318001373,11011,2020,00258801,CF,현금흐름표,dart_RepaymentsOfShortTermBorrowings,단기차입금의 상환,-,제 26 기,76077356782,제 25 기,454378718185,제 24 기,172403181320,29,
131,20210318001373,11011,2020,00258801,CF,현금흐름표,dart_ProceedsFromLongTermBorrowings,장기차입금의 차입,-,제 26 기,387522641096,제 25 기,38042715601,제 24 기,7986981495,30,
132,20210318001373,11011,2020,00258801,CF,현금흐름표,dart_RepaymentsOfLongTermBorrowings,장기차입금의 상환,-,제 26 기,844130000,제 25 기,1123588843,제 24 기,4758065346,31,
133,20210318001373,11011,2020,00258801,CF,현금흐름표,ifrs-full_PaymentsOfFinanceLeaseLiabilitiesClassifiedAsFinancingActivities,리스부채의 상환,-,제 26 기,71122886238,제 25 기,43045484558,제 24 기,,32,
134,20210318001373,11011,2020,00258801,CF,현금흐름표,ifrs-full_ProceedsFromIssuingShares,유상증자,-,제 26 기,,제 25 기,299936042619,제 24 기,1050902497014,33,
135,20210318001373,11011,2020,00258801,CF,현금흐름표,dart_ProceedsFromExerciseOfShareOptions,주식선택권의 행사,-,제 26 기,79340692090,제 25 기,31108431830,제 24 기,3919610657,34,
136,20210318001373,11011,2020,00258801,CF,현금흐름표,ifrs-full_DividendsPaidClassifiedAsFinancingActivities,배당금지급,-,제 26 기,10412621288,제 25 기,10252571905,제 24 기,12044136879,35,
137,20210318001373,11011,2020,00258801,CF,현금흐름표,dart_AcquisitionOfTreasuryShares,자기주식의 취득,-,제 26 기,,제 25 기,,제 24 기,236200151,36,
138,20210318001373,11011,2020,00258801,CF,현금흐름표,dart_PaymentForConsolidatedCapitalTransactions,비지배지분의 취득,-,제 26 기,1207494691,제 25 기,,제 24 기,226962944280,37,
139,20210318001373,11011,2020,00258801,CF,현금흐름표,dart_PaymentForStockRedemption,출자금의 중간분배,-,제 26 기,2850000000,제 25 기,,제 24 기,1426000000,38,
140,20210318001373,11011,2020,00258801,CF,현금흐름표,ifrs-full_ProceedsFromChangesInOwnershipInterestsInSubsidiaries,종속회사 추가출자(비지배주주),-,제 26 기,825505709955,제 25 기,135217887367,제 24 기,212509283867,39,
141,20210318001373,11011,2020,00258801,CF,현금흐름표,ifrs-full_OtherInflowsOutflowsOfCashClassifiedAsFinancingActivities,기타재무활동으로 인한 현금 유출액,-,제 26 기,-8850578822,제 25 기,528734364,제 24 기,-23996900,40,
142,20210318001373,11011,2020,00258801,CF,현금흐름표,ifrs-full_EffectOfExchangeRateChangesOnCashAndCashEquivalents,현금및현금성자산에 대한 환율변동효과,-,제 26 기,-39669604010,제 25 기,10527667973,제 24 기,8955237814,41,
143,20210318001373,11011,2020,00258801,CF,현금흐름표,ifrs-full_IncreaseDecreaseInCashAndCashEquivalents,현금및현금성자산의순증가(감소),-,제 26 기,976091392959,제 25 기,671211949431,제 24 기,130220177009,42,
144,20210318001373,11011,2020,00258801,CF,현금흐름표,dart_CashAndCashEquivalentsAtBeginningOfPeriodCf,기초현금및현금성자산,-,제 26 기,1918225198949,제 25 기,1247013249518,제 24 기,1116793072509,43,
145,20210318001373,11011,2020,00258801,CF,현금흐름표,dart_CashAndCashEquivalentsAtEndOfPeriodCf,기말현금및현금성자산,-,제 26 기,2894316591908,제 25 기,1918225198949,제 24 기,1247013249518,44,
146,20210318001373,11011,2020,00258801,SCE,자본변동표,dart_EquityAtBeginningOfPeriod,기초자본,연결재무제표 [member],제 26 기,5740117751288,제 25 기,5627157564368,제 24 기,4462922772296,1,
147,20210318001373,11011,2020,00258801,SCE,자본변동표,dart_EquityAtBeginningOfPeriod,기초자본,자본 [member]|비지배지분 [member],제 26 기,514758632087,제 25 기,490306955106,제 24 기,433783499245,1,
148,20210318001373,11011,2020,00258801,SCE,자본변동표,dart_EquityAtBeginningOfPeriod,기초자본,자본 [member]|지배기업의 소유주에게 귀속되는 자본 [member],제 26 기,5225359119201,제 25 기,5136850609262,제 24 기,4029139273051,1,
149,20210318001373,11011,2020,00258801,SCE,자본변동표,dart_EquityAtBeginningOfPeriod,기초자본,자본 [member]|지배기업의 소유주에게 귀속되는 자본 [member]|기타포괄손익누계액 [member],제 26 기,-16393294393,제 25 기,-7329379679,제 24 기,-4967887532,1,
150,20210318001373,11011,2020,00258801,SCE,자본변동표,dart_EquityAtBeginningOfPeriod,기초자본,자본 [member]|지배기업의 소유주에게 귀속되는 자본 [member]|이익잉여금 [member],제 26 기,148154241860,제 25 기,453400467566,제 24 기,402542351524,1,
151,20210318001373,11011,2020,00258801,SCE,자본변동표,dart_EquityAtBeginningOfPeriod,기초자본,자본 [member]|지배기업의 소유주에게 귀속되는 자본 [member]|자본금 [member],제 26 기,43161318000,제 25 기,41743886500,제 24 기,34004263500,1,
152,20210318001373,11011,2020,00258801,SCE,자본변동표,dart_EquityAtBeginningOfPeriod,기초자본,자본 [member]|지배기업의 소유주에게 귀속되는 자본 [member]|자본잉여금 [member],제 26 기,5043198614715,제 25 기,4647543419240,제 24 기,3603586704464,1,
153,20210318001373,11011,2020,00258801,SCE,자본변동표,dart_EquityAtBeginningOfPeriod,기초자본,자본 [member]|지배기업의 소유주에게 귀속되는 자본 [member]|자본조정,제 26 기,7238239019,제 25 기,1492215635,제 24 기,-6026158905,1,
154,20210318001373,11011,2020,00258801,SCE,자본변동표,ifrs-full_IncreaseDecreaseThroughChangesInAccountingPolicies,회계정책변경에 따른 증가(감소),연결재무제표 [member],제 26 기,,제 25 기,,제 24 기,-218558636,2,
155,20210318001373,11011,2020,00258801,SCE,자본변동표,ifrs-full_IncreaseDecreaseThroughChangesInAccountingPolicies,회계정책변경에 따른 증가(감소),자본 [member]|비지배지분 [member],제 26 기,,제 25 기,,제 24 기,532161196,2,
156,20210318001373,11011,2020,00258801,SCE,자본변동표,ifrs-full_IncreaseDecreaseThroughChangesInAccountingPolicies,회계정책변경에 따른 증가(감소),자본 [member]|지배기업의 소유주에게 귀속되는 자본 [member],제 26 기,,제 25 기,,제 24 기,-750719832,2,
157,20210318001373,11011,2020,00258801,SCE,자본변동표,ifrs-full_IncreaseDecreaseThroughChangesInAccountingPolicies,회계정책변경에 따른 증가(감소),자본 [member]|지배기업의 소유주에게 귀속되는 자본 [member]|기타포괄손익누계액 [member],제 26 기,,제 25 기,,제 24 기,-13772979460,2,
158,20210318001373,11011,2020,00258801,SCE,자본변동표,ifrs-full_IncreaseDecreaseThroughChangesInAccountingPolicies,회계정책변경에 따른 증가(감소),자본 [member]|지배기업의 소유주에게 귀속되는 자본 [member]|이익잉여금 [member],제 26 기,,제 25 기,,제 24 기,13022259628,2,
159,20210318001373,11011,2020,00258801,SCE,자본변동표,ifrs-full_IncreaseDecreaseThroughChangesInAccountingPolicies,회계정책변경에 따른 증가(감소),자본 [member]|지배기업의 소유주에게 귀속되는 자본 [member]|자본금 [member],제 26 기,,제 25 기,,제 24 기,0,2,
160,20210318001373,11011,2020,00258801,SCE,자본변동표,ifrs-full_IncreaseDecreaseThroughChangesInAccountingPolicies,회계정책변경에 따른 증가(감소),자본 [member]|지배기업의 소유주에게 귀속되는 자본 [member]|자본잉여금 [member],제 26 기,,제 25 기,,제 24 기,0,2,
161,20210318001373,11011,2020,00258801,SCE,자본변동표,ifrs-full_IncreaseDecreaseThroughChangesInAccountingPolicies,회계정책변경에 따른 증가(감소),자본 [member]|지배기업의 소유주에게 귀속되는 자본 [member]|자본조정,제 26 기,,제 25 기,,제 24 기,0,2,
162,20210318001373,11011,2020,00258801,SCE,자본변동표,ifrs-full_ProfitLoss,당기순이익(손실),연결재무제표 [member],제 26 기,173359671915,제 25 기,-341924578348,제 24 기,15888859209,3,
163,20210318001373,11011,2020,00258801,SCE,자본변동표,ifrs-full_ProfitLoss,당기순이익(손실),자본 [member]|비지배지분 [member],제 26 기,17735909401,제 25 기,-40921730982,제 24 기,-31996691377,3,
164,20210318001373,11011,2020,00258801,SCE,자본변동표,ifrs-full_ProfitLoss,당기순이익(손실),자본 [member]|지배기업의 소유주에게 귀속되는 자본 [member],제 26 기,155623762514,제 25 기,-301002847366,제 24 기,47885550586,3,
165,20210318001373,11011,2020,00258801,SCE,자본변동표,ifrs-full_ProfitLoss,당기순이익(손실),자본 [member]|지배기업의 소유주에게 귀속되는 자본 [member]|기타포괄손익누계액 [member],제 26 기,0,제 25 기,0,제 24 기,0,3,
166,20210318001373,11011,2020,00258801,SCE,자본변동표,ifrs-full_ProfitLoss,당기순이익(손실),자본 [member]|지배기업의 소유주에게 귀속되는 자본 [member]|이익잉여금 [member],제 26 기,155623762514,제 25 기,-301002847366,제 24 기,47885550586,3,
167,20210318001373,11011,2020,00258801,SCE,자본변동표,ifrs-full_ProfitLoss,당기순이익(손실),자본 [member]|지배기업의 소유주에게 귀속되는 자본 [member]|자본금 [member],제 26 기,0,제 25 기,0,제 24 기,0,3,
168,20210318001373,11011,2020,00258801,SCE,자본변동표,ifrs-full_ProfitLoss,당기순이익(손실),자본 [member]|지배기업의 소유주에게 귀속되는 자본 [member]|자본잉여금 [member],제 26 기,0,제 25 기,0,제 24 기,0,3,
169,20210318001373,11011,2020,00258801,SCE,자본변동표,ifrs-full_ProfitLoss,당기순이익(손실),자본 [member]|지배기업의 소유주에게 귀속되는 자본 [member]|자본조정,제 26 기,0,제 25 기,0,제 24 기,0,3,
170,20210318001373,11011,2020,00258801,SCE,자본변동표,dart_OtherComprehensiveIncomeForStatementOfChangesInEquity,기타포괄손익,연결재무제표 [member],제 26 기,160222100072,제 25 기,-4157811365,제 24 기,8333959354,4,
171,20210318001373,11011,2020,00258801,SCE,자본변동표,dart_OtherComprehensiveIncomeForStatementOfChangesInEquity,기타포괄손익,자본 [member]|비지배지분 [member],제 26 기,34291942373,제 25 기,-903111998,제 24 기,-3077527959,4,
172,20210318001373,11011,2020,00258801,SCE,자본변동표,dart_OtherComprehensiveIncomeForStatementOfChangesInEquity,기타포괄손익,자본 [member]|지배기업의 소유주에게 귀속되는 자본 [member],제 26 기,125930157699,제 25 기,-3254699367,제 24 기,11411487313,4,
173,20210318001373,11011,2020,00258801,SCE,자본변동표,dart_OtherComprehensiveIncomeForStatementOfChangesInEquity,기타포괄손익,자본 [member]|지배기업의 소유주에게 귀속되는 자본 [member]|기타포괄손익누계액 [member],제 26 기,102970681261,제 25 기,-9063914714,제 24 기,11411487313,4,
174,20210318001373,11011,2020,00258801,SCE,자본변동표,dart_OtherComprehensiveIncomeForStatementOfChangesInEquity,기타포괄손익,자본 [member]|지배기업의 소유주에게 귀속되는 자본 [member]|이익잉여금 [member],제 26 기,22959476438,제 25 기,5809215347,제 24 기,0,4,
175,20210318001373,11011,2020,00258801,SCE,자본변동표,dart_OtherComprehensiveIncomeForStatementOfChangesInEquity,기타포괄손익,자본 [member]|지배기업의 소유주에게 귀속되는 자본 [member]|자본금 [member],제 26 기,0,제 25 기,0,제 24 기,0,4,
176,20210318001373,11011,2020,00258801,SCE,자본변동표,dart_OtherComprehensiveIncomeForStatementOfChangesInEquity,기타포괄손익,자본 [member]|지배기업의 소유주에게 귀속되는 자본 [member]|자본잉여금 [member],제 26 기,0,제 25 기,0,제 24 기,0,4,
177,20210318001373,11011,2020,00258801,SCE,자본변동표,dart_OtherComprehensiveIncomeForStatementOfChangesInEquity,기타포괄손익,자본 [member]|지배기업의 소유주에게 귀속되는 자본 [member]|자본조정,제 26 기,0,제 25 기,0,제 24 기,0,4,
178,20210318001373,11011,2020,00258801,SCE,자본변동표,dart_ShareBasedPaymentTransactions,주식기준보상거래,연결재무제표 [member],제 26 기,113583479909,제 25 기,52552394731,제 24 기,16091685796,5,
179,20210318001373,11011,2020,00258801,SCE,자본변동표,dart_ShareBasedPaymentTransactions,주식기준보상거래,자본 [member]|비지배지분 [member],제 26 기,21714267204,제 25 기,11827317519,제 24 기,7234071562,5,
180,20210318001373,11011,2020,00258801,SCE,자본변동표,dart_ShareBasedPaymentTransactions,주식기준보상거래,자본 [member]|지배기업의 소유주에게 귀속되는 자본 [member],제 26 기,91869212705,제 25 기,40725077212,제 24 기,8857614234,5,
181,20210318001373,11011,2020,00258801,SCE,자본변동표,dart_ShareBasedPaymentTransactions,주식기준보상거래,자본 [member]|지배기업의 소유주에게 귀속되는 자본 [member]|기타포괄손익누계액 [member],제 26 기,0,제 25 기,0,제 24 기,0,5,
182,20210318001373,11011,2020,00258801,SCE,자본변동표,dart_ShareBasedPaymentTransactions,주식기준보상거래,자본 [member]|지배기업의 소유주에게 귀속되는 자본 [member]|이익잉여금 [member],제 26 기,0,제 25 기,0,제 24 기,0,5,
183,20210318001373,11011,2020,00258801,SCE,자본변동표,dart_ShareBasedPaymentTransactions,주식기준보상거래,자본 [member]|지배기업의 소유주에게 귀속되는 자본 [member]|자본금 [member],제 26 기,338244500,제 25 기,191511500,제 24 기,49688000,5,
184,20210318001373,11011,2020,00258801,SCE,자본변동표,dart_ShareBasedPaymentTransactions,주식기준보상거래,자본 [member]|지배기업의 소유주에게 귀속되는 자본 [member]|자본잉여금 [member],제 26 기,83374506910,제 25 기,34787542328,제 24 기,1053351543,5,
185,20210318001373,11011,2020,00258801,SCE,자본변동표,dart_ShareBasedPaymentTransactions,주식기준보상거래,자본 [member]|지배기업의 소유주에게 귀속되는 자본 [member]|자본조정,제 26 기,8156461295,제 25 기,5746023384,제 24 기,7754574691,5,
186,20210318001373,11011,2020,00258801,SCE,자본변동표,ifrs-full_IssueOfEquity,유상증자,연결재무제표 [member],제 26 기,,제 25 기,299936042619,제 24 기,1050902497014,6,
187,20210318001373,11011,2020,00258801,SCE,자본변동표,ifrs-full_IssueOfEquity,유상증자,자본 [member]|비지배지분 [member],제 26 기,,제 25 기,0,제 24 기,0,6,
188,20210318001373,11011,2020,00258801,SCE,자본변동표,ifrs-full_IssueOfEquity,유상증자,자본 [member]|지배기업의 소유주에게 귀속되는 자본 [member],제 26 기,,제 25 기,299936042619,제 24 기,1050902497014,6,
189,20210318001373,11011,2020,00258801,SCE,자본변동표,ifrs-full_IssueOfEquity,유상증자,자본 [member]|지배기업의 소유주에게 귀속되는 자본 [member]|기타포괄손익누계액 [member],제 26 기,,제 25 기,0,제 24 기,0,6,
190,20210318001373,11011,2020,00258801,SCE,자본변동표,ifrs-full_IssueOfEquity,유상증자,자본 [member]|지배기업의 소유주에게 귀속되는 자본 [member]|이익잉여금 [member],제 26 기,,제 25 기,0,제 24 기,0,6,
191,20210318001373,11011,2020,00258801,SCE,자본변동표,ifrs-full_IssueOfEquity,유상증자,자본 [member]|지배기업의 소유주에게 귀속되는 자본 [member]|자본금 [member],제 26 기,,제 25 기,1088700500,제 24 기,4130865500,6,
192,20210318001373,11011,2020,00258801,SCE,자본변동표,ifrs-full_IssueOfEquity,유상증자,자본 [member]|지배기업의 소유주에게 귀속되는 자본 [member]|자본잉여금 [member],제 26 기,,제 25 기,298847342119,제 24 기,1046771631514,6,
193,20210318001373,11011,2020,00258801,SCE,자본변동표,ifrs-full_IssueOfEquity,유상증자,자본 [member]|지배기업의 소유주에게 귀속되는 자본 [member]|자본조정,제 26 기,,제 25 기,0,제 24 기,0,6,
194,20210318001373,11011,2020,00258801,SCE,자본변동표,dart_CompoundFinancialInstrumentConversion,전환사채의 전환,연결재무제표 [member],제 26 기,190175634378,제 25 기,32535720055,제 24 기,2988784388,7,
195,20210318001373,11011,2020,00258801,SCE,자본변동표,dart_CompoundFinancialInstrumentConversion,전환사채의 전환,자본 [member]|비지배지분 [member],제 26 기,0,제 25 기,0,제 24 기,0,7,
196,20210318001373,11011,2020,00258801,SCE,자본변동표,dart_CompoundFinancialInstrumentConversion,전환사채의 전환,자본 [member]|지배기업의 소유주에게 귀속되는 자본 [member],제 26 기,190175634378,제 25 기,32535720055,제 24 기,2988784388,7,
197,20210318001373,11011,2020,00258801,SCE,자본변동표,dart_CompoundFinancialInstrumentConversion,전환사채의 전환,자본 [member]|지배기업의 소유주에게 귀속되는 자본 [member]|기타포괄손익누계액 [member],제 26 기,0,제 25 기,0,제 24 기,0,7,
198,20210318001373,11011,2020,00258801,SCE,자본변동표,dart_CompoundFinancialInstrumentConversion,전환사채의 전환,자본 [member]|지배기업의 소유주에게 귀속되는 자본 [member]|이익잉여금 [member],제 26 기,0,제 25 기,0,제 24 기,0,7,
199,20210318001373,11011,2020,00258801,SCE,자본변동표,dart_CompoundFinancialInstrumentConversion,전환사채의 전환,자본 [member]|지배기업의 소유주에게 귀속되는 자본 [member]|자본금 [member],제 26 기,801436500,제 25 기,137219500,제 24 기,12627500,7,
200,20210318001373,11011,2020,00258801,SCE,자본변동표,dart_CompoundFinancialInstrumentConversion,전환사채의 전환,자본 [member]|지배기업의 소유주에게 귀속되는 자본 [member]|자본잉여금 [member],제 26 기,189374197878,제 25 기,32398500555,제 24 기,2976156888,7,
201,20210318001373,11011,2020,00258801,SCE,자본변동표,dart_CompoundFinancialInstrumentConversion,전환사채의 전환,자본 [member]|지배기업의 소유주에게 귀속되는 자본 [member]|자본조정,제 26 기,0,제 25 기,0,제 24 기,0,7,
202,20210318001373,11011,2020,00258801,SCE,자본변동표,dart_ReclassificationAdjustments,교환사채의 전환,연결재무제표 [member],제 26 기,266093774394,제 25 기,,제 24 기,,8,
203,20210318001373,11011,2020,00258801,SCE,자본변동표,dart_ReclassificationAdjustments,교환사채의 전환,자본 [member]|비지배지분 [member],제 26 기,0,제 25 기,,제 24 기,,8,
204,20210318001373,11011,2020,00258801,SCE,자본변동표,dart_ReclassificationAdjustments,교환사채의 전환,자본 [member]|지배기업의 소유주에게 귀속되는 자본 [member],제 26 기,266093774394,제 25 기,,제 24 기,,8,
205,20210318001373,11011,2020,00258801,SCE,자본변동표,dart_ReclassificationAdjustments,교환사채의 전환,자본 [member]|지배기업의 소유주에게 귀속되는 자본 [member]|기타포괄손익누계액 [member],제 26 기,0,제 25 기,,제 24 기,,8,
206,20210318001373,11011,2020,00258801,SCE,자본변동표,dart_ReclassificationAdjustments,교환사채의 전환,자본 [member]|지배기업의 소유주에게 귀속되는 자본 [member]|이익잉여금 [member],제 26 기,0,제 25 기,,제 24 기,,8,
207,20210318001373,11011,2020,00258801,SCE,자본변동표,dart_ReclassificationAdjustments,교환사채의 전환,자본 [member]|지배기업의 소유주에게 귀속되는 자본 [member]|자본금 [member],제 26 기,0,제 25 기,,제 24 기,,8,
208,20210318001373,11011,2020,00258801,SCE,자본변동표,dart_ReclassificationAdjustments,교환사채의 전환,자본 [member]|지배기업의 소유주에게 귀속되는 자본 [member]|자본잉여금 [member],제 26 기,262871570000,제 25 기,,제 24 기,,8,
209,20210318001373,11011,2020,00258801,SCE,자본변동표,dart_ReclassificationAdjustments,교환사채의 전환,자본 [member]|지배기업의 소유주에게 귀속되는 자본 [member]|자본조정,제 26 기,3222204394,제 25 기,,제 24 기,,8,
210,20210318001373,11011,2020,00258801,SCE,자본변동표,ifrs-full_DividendsPaid,현금배당,연결재무제표 [member],제 26 기,10412621288,제 25 기,10252571905,제 24 기,13470136880,9,
211,20210318001373,11011,2020,00258801,SCE,자본변동표,ifrs-full_DividendsPaid,현금배당,자본 [member]|비지배지분 [member],제 26 기,0,제 25 기,199978218,제 24 기,3420442708,9,
212,20210318001373,11011,2020,00258801,SCE,자본변동표,ifrs-full_DividendsPaid,현금배당,자본 [member]|지배기업의 소유주에게 귀속되는 자본 [member],제 26 기,10412621288,제 25 기,10052593687,제 24 기,10049694172,9,
213,20210318001373,11011,2020,00258801,SCE,자본변동표,ifrs-full_DividendsPaid,현금배당,자본 [member]|지배기업의 소유주에게 귀속되는 자본 [member]|기타포괄손익누계액 [member],제 26 기,0,제 25 기,0,제 24 기,0,9,
214,20210318001373,11011,2020,00258801,SCE,자본변동표,ifrs-full_DividendsPaid,현금배당,자본 [member]|지배기업의 소유주에게 귀속되는 자본 [member]|이익잉여금 [member],제 26 기,10412621288,제 25 기,10052593687,제 24 기,10049694172,9,
215,20210318001373,11011,2020,00258801,SCE,자본변동표,ifrs-full_DividendsPaid,현금배당,자본 [member]|지배기업의 소유주에게 귀속되는 자본 [member]|자본금 [member],제 26 기,0,제 25 기,0,제 24 기,0,9,
216,20210318001373,11011,2020,00258801,SCE,자본변동표,ifrs-full_DividendsPaid,현금배당,자본 [member]|지배기업의 소유주에게 귀속되는 자본 [member]|자본잉여금 [member],제 26 기,0,제 25 기,0,제 24 기,0,9,
217,20210318001373,11011,2020,00258801,SCE,자본변동표,ifrs-full_DividendsPaid,현금배당,자본 [member]|지배기업의 소유주에게 귀속되는 자본 [member]|자본조정,제 26 기,0,제 25 기,0,제 24 기,0,9,
218,20210318001373,11011,2020,00258801,SCE,자본변동표,ifrs-full_IncreaseDecreaseThroughChangesInOwnershipInterestsInSubsidiariesThatDoNotResultInLossOfControl,지분변동효과,연결재무제표 [member],제 26 기,776918391096,제 25 기,124021484673,제 24 기,27374237952,10,
219,20210318001373,11011,2020,00258801,SCE,자본변동표,ifrs-full_IncreaseDecreaseThroughChangesInOwnershipInterestsInSubsidiariesThatDoNotResultInLossOfControl,지분변동효과,자본 [member]|비지배지분 [member],제 26 기,522637148127,제 25 기,94399674200,제 24 기,30908421272,10,
220,20210318001373,11011,2020,00258801,SCE,자본변동표,ifrs-full_IncreaseDecreaseThroughChangesInOwnershipInterestsInSubsidiariesThatDoNotResultInLossOfControl,지분변동효과,자본 [member]|지배기업의 소유주에게 귀속되는 자본 [member],제 26 기,254281242969,제 25 기,29621810473,제 24 기,-3534183320,10,
221,20210318001373,11011,2020,00258801,SCE,자본변동표,ifrs-full_IncreaseDecreaseThroughChangesInOwnershipInterestsInSubsidiariesThatDoNotResultInLossOfControl,지분변동효과,자본 [member]|지배기업의 소유주에게 귀속되는 자본 [member]|기타포괄손익누계액 [member],제 26 기,0,제 25 기,0,제 24 기,0,10,
222,20210318001373,11011,2020,00258801,SCE,자본변동표,ifrs-full_IncreaseDecreaseThroughChangesInOwnershipInterestsInSubsidiariesThatDoNotResultInLossOfControl,지분변동효과,자본 [member]|지배기업의 소유주에게 귀속되는 자본 [member]|이익잉여금 [member],제 26 기,0,제 25 기,0,제 24 기,0,10,
223,20210318001373,11011,2020,00258801,SCE,자본변동표,ifrs-full_IncreaseDecreaseThroughChangesInOwnershipInterestsInSubsidiariesThatDoNotResultInLossOfControl,지분변동효과,자본 [member]|지배기업의 소유주에게 귀속되는 자본 [member]|자본금 [member],제 26 기,0,제 25 기,0,제 24 기,0,10,
224,20210318001373,11011,2020,00258801,SCE,자본변동표,ifrs-full_IncreaseDecreaseThroughChangesInOwnershipInterestsInSubsidiariesThatDoNotResultInLossOfControl,지분변동효과,자본 [member]|지배기업의 소유주에게 귀속되는 자본 [member]|자본잉여금 [member],제 26 기,254281242969,제 25 기,29621810473,제 24 기,-3534183320,10,
225,20210318001373,11011,2020,00258801,SCE,자본변동표,ifrs-full_IncreaseDecreaseThroughChangesInOwnershipInterestsInSubsidiariesThatDoNotResultInLossOfControl,지분변동효과,자본 [member]|지배기업의 소유주에게 귀속되는 자본 [member]|자본조정,제 26 기,0,제 25 기,0,제 24 기,0,10,
226,20210318001373,11011,2020,00258801,SCE,자본변동표,dart_IncreaseDecreaseThroughBusinessCombinations,동일지배사업 결합거래,연결재무제표 [member],제 26 기,,제 25 기,,제 24 기,0,11,
227,20210318001373,11011,2020,00258801,SCE,자본변동표,dart_IncreaseDecreaseThroughBusinessCombinations,동일지배사업 결합거래,자본 [member]|비지배지분 [member],제 26 기,,제 25 기,,제 24 기,0,11,
228,20210318001373,11011,2020,00258801,SCE,자본변동표,dart_IncreaseDecreaseThroughBusinessCombinations,동일지배사업 결합거래,자본 [member]|지배기업의 소유주에게 귀속되는 자본 [member],제 26 기,,제 25 기,,제 24 기,0,11,
229,20210318001373,11011,2020,00258801,SCE,자본변동표,dart_IncreaseDecreaseThroughBusinessCombinations,동일지배사업 결합거래,자본 [member]|지배기업의 소유주에게 귀속되는 자본 [member]|기타포괄손익누계액 [member],제 26 기,,제 25 기,,제 24 기,0,11,
230,20210318001373,11011,2020,00258801,SCE,자본변동표,dart_IncreaseDecreaseThroughBusinessCombinations,동일지배사업 결합거래,자본 [member]|지배기업의 소유주에게 귀속되는 자본 [member]|이익잉여금 [member],제 26 기,,제 25 기,,제 24 기,0,11,
231,20210318001373,11011,2020,00258801,SCE,자본변동표,dart_IncreaseDecreaseThroughBusinessCombinations,동일지배사업 결합거래,자본 [member]|지배기업의 소유주에게 귀속되는 자본 [member]|자본금 [member],제 26 기,,제 25 기,,제 24 기,3546442000,11,
232,20210318001373,11011,2020,00258801,SCE,자본변동표,dart_IncreaseDecreaseThroughBusinessCombinations,동일지배사업 결합거래,자본 [member]|지배기업의 소유주에게 귀속되는 자본 [member]|자본잉여금 [member],제 26 기,,제 25 기,,제 24 기,-3310241849,11,
233,20210318001373,11011,2020,00258801,SCE,자본변동표,dart_IncreaseDecreaseThroughBusinessCombinations,동일지배사업 결합거래,자본 [member]|지배기업의 소유주에게 귀속되는 자본 [member]|자본조정,제 26 기,,제 25 기,,제 24 기,-236200151,11,
234,20210318001373,11011,2020,00258801,SCE,자본변동표,dart_ChangesInConsolidatedCompanies,연결대상범위의 변동,연결재무제표 [member],제 26 기,17670845751,제 25 기,-39750493540,제 24 기,56343463875,12,
235,20210318001373,11011,2020,00258801,SCE,자본변동표,dart_ChangesInConsolidatedCompanies,연결대상범위의 변동,자본 [member]|비지배지분 [member],제 26 기,17670845751,제 25 기,-39750493540,제 24 기,56343463875,12,
236,20210318001373,11011,2020,00258801,SCE,자본변동표,dart_ChangesInConsolidatedCompanies,연결대상범위의 변동,자본 [member]|지배기업의 소유주에게 귀속되는 자본 [member],제 26 기,0,제 25 기,0,제 24 기,0,12,
237,20210318001373,11011,2020,00258801,SCE,자본변동표,dart_ChangesInConsolidatedCompanies,연결대상범위의 변동,자본 [member]|지배기업의 소유주에게 귀속되는 자본 [member]|기타포괄손익누계액 [member],제 26 기,0,제 25 기,0,제 24 기,0,12,
238,20210318001373,11011,2020,00258801,SCE,자본변동표,dart_ChangesInConsolidatedCompanies,연결대상범위의 변동,자본 [member]|지배기업의 소유주에게 귀속되는 자본 [member]|이익잉여금 [member],제 26 기,0,제 25 기,0,제 24 기,0,12,
239,20210318001373,11011,2020,00258801,SCE,자본변동표,dart_ChangesInConsolidatedCompanies,연결대상범위의 변동,자본 [member]|지배기업의 소유주에게 귀속되는 자본 [member]|자본금 [member],제 26 기,0,제 25 기,0,제 24 기,0,12,
240,20210318001373,11011,2020,00258801,SCE,자본변동표,dart_ChangesInConsolidatedCompanies,연결대상범위의 변동,자본 [member]|지배기업의 소유주에게 귀속되는 자본 [member]|자본잉여금 [member],제 26 기,0,제 25 기,0,제 24 기,0,12,
241,20210318001373,11011,2020,00258801,SCE,자본변동표,dart_ChangesInConsolidatedCompanies,연결대상범위의 변동,자본 [member]|지배기업의 소유주에게 귀속되는 자본 [member]|자본조정,제 26 기,0,제 25 기,0,제 24 기,0,12,
242,20210318001373,11011,2020,00258801,SCE,자본변동표,ifrs-full_Equity,기말자본,연결재무제표 [member],제 26 기,7427729027515,제 25 기,5740117751288,제 24 기,5627157564368,13,
243,20210318001373,11011,2020,00258801,SCE,자본변동표,ifrs-full_Equity,기말자본,자본 [member]|비지배지분 [member],제 26 기,1128808744943,제 25 기,514758632087,제 24 기,490306955106,13,
244,20210318001373,11011,2020,00258801,SCE,자본변동표,ifrs-full_Equity,기말자본,자본 [member]|지배기업의 소유주에게 귀속되는 자본 [member],제 26 기,6298920282572,제 25 기,5225359119201,제 24 기,5136850609262,13,
245,20210318001373,11011,2020,00258801,SCE,자본변동표,ifrs-full_Equity,기말자본,자본 [member]|지배기업의 소유주에게 귀속되는 자본 [member]|기타포괄손익누계액 [member],제 26 기,86577386868,제 25 기,-16393294393,제 24 기,-7329379679,13,
246,20210318001373,11011,2020,00258801,SCE,자본변동표,ifrs-full_Equity,기말자본,자본 [member]|지배기업의 소유주에게 귀속되는 자본 [member]|이익잉여금 [member],제 26 기,316324859524,제 25 기,148154241860,제 24 기,453400467566,13,
247,20210318001373,11011,2020,00258801,SCE,자본변동표,ifrs-full_Equity,기말자본,자본 [member]|지배기업의 소유주에게 귀속되는 자본 [member]|자본금 [member],제 26 기,44300999000,제 25 기,43161318000,제 24 기,41743886500,13,
248,20210318001373,11011,2020,00258801,SCE,자본변동표,ifrs-full_Equity,기말자본,자본 [member]|지배기업의 소유주에게 귀속되는 자본 [member]|자본잉여금 [member],제 26 기,5833100132472,제 25 기,5043198614715,제 24 기,4647543419240,13,
249,20210318001373,11011,2020,00258801,SCE,자본변동표,ifrs-full_Equity,기말자본,자본 [member]|지배기업의 소유주에게 귀속되는 자본 [member]|자본조정,제 26 기,18616904708,제 25 기,7238239019,제 24 기,1492215635,13,
